{"cameraMode":{"drawMode":0,"name":"Shaded","section":"Shading Mode"},"sceneLighting":true,"audioPlay":false,"sceneViewState":{"m_AlwaysRefresh":false,"showFog":true,"showSkybox":true,"showFlares":true,"showImageEffects":true,"showParticleSystems":true,"showVisualEffectGraphs":true,"m_FxEnabled":true},"in2DMode":false,"pivot":{"x":4.647182464599609,"y":5.763453960418701,"z":-7.474063873291016},"rotation":{"x":-0.047318506985902789,"y":0.6576708555221558,"z":0.041533276438713077,"w":0.7507416605949402},"size":5.0503411293029789,"orthographic":false}